asin,product_title,db_reviews,db_s1,db_s2,db_s3,db_s4,db_s5,real_s1,real_s2,real_s3,real_s4,real_s5,total_ratings,average_rating,date_min,date_max,kind_hint,asin_count
B01IT9NLHW,"Liquid I.V. Hydration Multiplier, Electrolyte Powder, Easy Open Packets, Supplement Drink Mix (Lemon Lime, 16 Count)",498,110,109,106,104,69,2,1,5,11,81,106049,4.6,2017-08-27,2026-06-14,ipl,1
B07NR2B9HS,"Aussie 3 Minute Miracle Moist Deep Conditioner for Dry Hair, Avocado & Jojoba Oil, Safe for Color Treated Hair, Nourishing Hydration, Silky Shine, Paraben-Free, 16 Fl Oz Each, Triple Pack",347,90,37,60,70,90,2,1,3,11,83,11762,4.7,2016-04-24,2026-09-30,ipl,1
B07WYY6KKC,"Braun IPL, Silk·Expert Pro 5, IPL Hair Removal for Women and Men, Permanent Laser Hair Reduction At-Home, 2 Heads, Pouch, IPL5137",300,80,30,70,70,50,11,4,6,12,67,7331,4.2,2022-05-01,2026-09-28,laser_diode,1
B0CV3ZJ2PN,"Ulike Laser Hair Removal Device Air 10 Ipl Gift for Women and Men, Ice Cool and Permanent Hair Reduction for Nearly Painless, Dual Lights, Skin Sensor & USHR Mode Hair Removal in 10mins from Home",291,80,53,48,60,50,10,3,4,8,75,2995,4.3,2024-05-11,2026-10-03,laser_diode,1
B0CWL9S4L1,"INNZA IPL Hair Removal with Ice Cooling Care Function for Women and men | Long-Lasting Results,999,999 Flashes Painless Hair Removal, for Armpits Legs Arms Bikini Line,Corded, White",261,50,27,34,80,70,9,1,5,9,76,3294,4.4,2023-01-11,2026-10-01,ipl,1
B0BQ4G7LY8,Liquid I.V. Hydration Multiplier Sugar-Free - Lemon Lime | Electrolyte Powder Drink Mix | 1 Pack (14 Servings),246,50,44,50,50,52,3,1,5,11,80,7292,4.6,2023-07-08,2026-06-14,ipl,1
B09WQRVPYP,"Braun IPL, Silk·Expert Pro 5, IPL Hair Removal for Women and Men, Permanent Laser Hair Reduction At-Home, 4 Heads, IPL5347",141,60,0,34,47,0,11,3,7,12,67,1481,4.2,2022-09-25,2026-09-30,laser_diode,1
B0G39WBP1S,"Ulike Laser Hair Removal Air 10 Deluxe Version IPL for for Women and Men with Ice-Cooling Technology, Nealy Painless and Permanent Hair Reduction, at Home Hair Removal in 10mins with Skin Sensor",88,10,2,0,6,70,7,3,4,4,82,266,4.5,2026-02-25,2026-10-01,laser_diode,1
B0HH2Z15SV,"INNZA IPL Hair Removal with Ice Cooling Care Function for Women | Long-Lasting Results,999,999 Flashes Painless Hair Removal, for Armpits Legs Arms Bikini Line,Corded",80,50,0,0,0,30,9,1,5,9,76,3308,4.4,2026-05-20,2026-10-05,ipl,1
B0FGB2NS3C,"Philips Lumea 9000 IPL Hair Removal Device for Long-Lasting Smooth Skin | Laser Hair Removal Alternative, Easy Home Use, Medical Grade Safety, 4 Attachments (Body, Face, Bikini & Armpits), BRI984/03",74,0,1,7,7,59,10,2,6,9,73,246,4.3,2025-08-29,2026-09-29,laser_diode,1
B0DWBHXLGS,"Nood™ Flasher Pro | IPL Laser Hair Removal Device, Forbes Best Product 2026 | Clinical-Grade Permanent Results At Home, CryoSoothe Tech with 5 Power Settings, Pain-Free 10 Min Sessions, Works Everywhere",61,50,0,11,0,0,13,2,4,7,74,680,4.3,2025-06-19,2026-10-01,laser_diode,1
B0CHN5D13P,Liquid I.V.® Hydration Multiplier - Popsicle Firecracker | Electrolyte Powder Drink Mix | 1 Pack (16 Servings),55,17,1,3,7,27,,,,,,8364,4.7,2024-04-13,2026-05-31,ipl,1
