asin,title,brand,price_usd,price_band,amazon_rating,status,reason,parent_asin
B01IT9NLHW,"Liquid I.V. Hydration Multiplier, Electrolyte Powder, Easy Open Packets, Supplement Drink Mix (Lemon Lime, 16 Count)",,,,,excluded,기준 1: 전해질 음료 분말로 제모기가 아님,
B07NR2B9HS,"Aussie 3 Minute Miracle Moist Deep Conditioner for Dry Hair, Avocado & Jojoba Oil, Safe for Color Treated Hair, Nourishing Hydration, Silky Shine, Paraben-Free, 16 Fl Oz Each, Triple Pack",,,,,excluded,기준 1: 헤어 컨디셔너로 제모기가 아님,
B07WYY6KKC,"Braun IPL, Silk·Expert Pro 5, IPL Hair Removal for Women and Men, Permanent Laser Hair Reduction At-Home, 2 Heads, Pouch, IPL5137",Braun,,,4.2,selected,"기준 1~3 통과: 부정 110(80+30) 중립 70 긍정 120(70+50), db_reviews 300으로 Pro 5 변형 중 가장 많아 남김(기준 4)",
B0CV3ZJ2PN,"Ulike Laser Hair Removal Device Air 10 Ipl Gift for Women and Men, Ice Cool and Permanent Hair Reduction for Nearly Painless, Dual Lights, Skin Sensor & USHR Mode Hair Removal in 10mins from Home",Ulike,,,4.3,selected,"기준 1~3 통과: 부정 133(80+53) 중립 48 긍정 110(60+50), db_reviews 291. 기준 4: B0G39WBP1S(Air 10 Deluxe)와 같은 부모일 수 있음",B0HBX6NVQZ
B0CWL9S4L1,"INNZA IPL Hair Removal with Ice Cooling Care Function for Women and men | Long-Lasting Results,999,999 Flashes Painless Hair Removal, for Armpits Legs Arms Bikini Line,Corded, White",INNZA,,,4.4,selected,"기준 1~3 통과: 부정 77(50+27) 중립 34 긍정 150(80+70), db_reviews 261로 INNZA 변형 중 가장 많아 남김(기준 4)",B0HH2Z15SV
B0BQ4G7LY8,Liquid I.V. Hydration Multiplier Sugar-Free - Lemon Lime | Electrolyte Powder Drink Mix | 1 Pack (14 Servings),,,,,excluded,기준 1: 전해질 음료 분말로 제모기가 아님,
B09WQRVPYP,"Braun IPL, Silk·Expert Pro 5, IPL Hair Removal for Women and Men, Permanent Laser Hair Reduction At-Home, 4 Heads, IPL5347",,,,,excluded,"기준 4: B07WYY6KKC와 같은 Silk·Expert Pro 5의 헤드 구성(4 Heads) 변형, db_reviews 141 < 300이라 뺌(기준 3은 통과: 부정 60 중립 34 긍정 47)",
B0G39WBP1S,"Ulike Laser Hair Removal Air 10 Deluxe Version IPL for for Women and Men with Ice-Cooling Technology, Nealy Painless and Permanent Hair Reduction, at Home Hair Removal in 10mins with Skin Sensor",Ulike,,,4.5,selected,"기준 1~3 통과: 부정 12(10+2) 중립 0 긍정 76(6+70), 빈 중립 묶음 실제 4%. 기준 4: B0CV3ZJ2PN(Air 10)과 같은 부모일 수 있음(Deluxe가 구성 변형인지 다른 기기인지 제목으로 확실하지 않음)",
B0HH2Z15SV,"INNZA IPL Hair Removal with Ice Cooling Care Function for Women | Long-Lasting Results,999,999 Flashes Painless Hair Removal, for Armpits Legs Arms Bikini Line,Corded",,,,,excluded,"기준 4: B0CWL9S4L1과 제목이 거의 같고 실제 비율(9/1/5/9/76)도 같아 같은 상품 변형, db_reviews 80 < 261이라 뺌",
B0FGB2NS3C,"Philips Lumea 9000 IPL Hair Removal Device for Long-Lasting Smooth Skin | Laser Hair Removal Alternative, Easy Home Use, Medical Grade Safety, 4 Attachments (Body, Face, Bikini & Armpits), BRI984/03",PHILIPS,,,4.3,selected,"기준 1~3 통과: 부정 1(0+1) 중립 7 긍정 66(7+59), db_reviews 74. 부정 표본 1개라 묶음 보정이 약함",B0HK5N2BCM
B0DWBHXLGS,"Nood™ Flasher Pro | IPL Laser Hair Removal Device, Forbes Best Product 2026 | Clinical-Grade Permanent Results At Home, CryoSoothe Tech with 5 Power Settings, Pain-Free 10 Min Sessions, Works Everywhere",,,,,excluded,"기준 3: 긍정 묶음 표본 0(db_s4 0, db_s5 0)인데 실제 비율 81%(7+74)",
B0CHN5D13P,Liquid I.V.® Hydration Multiplier - Popsicle Firecracker | Electrolyte Powder Drink Mix | 1 Pack (16 Servings),,,,,excluded,기준 1: 전해질 음료 분말로 제모기가 아님(실제 별점 비율도 비어 있음),
